{
  "C:/msys64/home/DELL/scrcpy/build/app/scrcpy.exe": "C:/msys64/mingw64/bin/scrcpy.exe",
  "C:/msys64/home/DELL/scrcpy/build/server/scrcpy-server": "C:/msys64/mingw64/share/scrcpy/scrcpy-server",
  "C:/msys64/home/DELL/scrcpy/app/data/icon.png": "C:/msys64/mingw64/share/icons/hicolor/256x256/apps/scrcpy.png",
  "C:/msys64/home/DELL/scrcpy/app/data/zsh-completion/_scrcpy": "C:/msys64/mingw64/share/zsh/site-functions/_scrcpy",
  "C:/msys64/home/DELL/scrcpy/app/data/bash-completion/scrcpy": "C:/msys64/mingw64/share/bash-completion/completions/scrcpy",
  "C:/msys64/home/DELL/scrcpy/app/scrcpy.1": "C:/msys64/mingw64/share/man/man1/scrcpy.1"
}