[
  {
    "name": "scrcpy-windows.rc",
    "id": "a172ced@@scrcpy-windows.rc@cus",
    "type": "custom",
    "defined_in": "C:/msys64/home/DELL/scrcpy/app/meson.build",
    "filename": [
      "C:/msys64/home/DELL/scrcpy/build/app/app_scrcpy-windows.rc_scrcpy-windows.o"
    ],
    "build_by_default": false,
    "target_sources": [
      {
        "language": "unknown",
        "compiler": [
          "C:\\msys64\\mingw64\\bin/windres.EXE",
          "@INPUT@",
          "@OUTPUT@",
          "--preprocessor-arg=-MD",
          "--preprocessor-arg=-MQ@OUTPUT@",
          "--preprocessor-arg=-MF@DEPFILE@"
        ],
        "parameters": [],
        "sources": [
          "C:/msys64/home/DELL/scrcpy/scrcpy-windows.rc"
        ],
        "generated_sources": []
      }
    ],
    "extra_files": [],
    "subproject": null,
    "dependencies": [],
    "depends": [],
    "installed": false
  },
  {
    "name": "scrcpy",
    "id": "a172ced@@scrcpy@exe",
    "type": "executable",
    "defined_in": "C:/msys64/home/DELL/scrcpy/app/meson.build",
    "filename": [
      "C:/msys64/home/DELL/scrcpy/build/app/scrcpy.exe"
    ],
    "build_by_default": true,
    "target_sources": [
      {
        "language": "c",
        "machine": "host",
        "compiler": [
          "cc"
        ],
        "parameters": [
          "-IC:/msys64/home/DELL/scrcpy/build/app/scrcpy.exe.p",
          "-IC:/msys64/home/DELL/scrcpy/build/app",
          "-IC:/msys64/home/DELL/scrcpy/app",
          "-IC:/msys64/home/DELL/scrcpy/app/src",
          "-IC:/msys64/mingw64/include/SDL2",
          "-IC:/msys64/mingw64/include/libusb-1.0",
          "-fdiagnostics-color=always",
          "-D_FILE_OFFSET_BITS=64",
          "-Wall",
          "-Winvalid-pch",
          "-Wextra",
          "-std=c11",
          "-O0",
          "-g",
          "-Wmissing-prototypes",
          "-Dmain=SDL_main"
        ],
        "sources": [
          "C:/msys64/home/DELL/scrcpy/app/src/main.c",
          "C:/msys64/home/DELL/scrcpy/app/src/adb/adb.c",
          "C:/msys64/home/DELL/scrcpy/app/src/adb/adb_device.c",
          "C:/msys64/home/DELL/scrcpy/app/src/adb/adb_parser.c",
          "C:/msys64/home/DELL/scrcpy/app/src/adb/adb_tunnel.c",
          "C:/msys64/home/DELL/scrcpy/app/src/audio_player.c",
          "C:/msys64/home/DELL/scrcpy/app/src/audio_regulator.c",
          "C:/msys64/home/DELL/scrcpy/app/src/cli.c",
          "C:/msys64/home/DELL/scrcpy/app/src/clock.c",
          "C:/msys64/home/DELL/scrcpy/app/src/compat.c",
          "C:/msys64/home/DELL/scrcpy/app/src/control_msg.c",
          "C:/msys64/home/DELL/scrcpy/app/src/controller.c",
          "C:/msys64/home/DELL/scrcpy/app/src/decoder.c",
          "C:/msys64/home/DELL/scrcpy/app/src/delay_buffer.c",
          "C:/msys64/home/DELL/scrcpy/app/src/demuxer.c",
          "C:/msys64/home/DELL/scrcpy/app/src/device_msg.c",
          "C:/msys64/home/DELL/scrcpy/app/src/display.c",
          "C:/msys64/home/DELL/scrcpy/app/src/events.c",
          "C:/msys64/home/DELL/scrcpy/app/src/icon.c",
          "C:/msys64/home/DELL/scrcpy/app/src/file_pusher.c",
          "C:/msys64/home/DELL/scrcpy/app/src/fps_counter.c",
          "C:/msys64/home/DELL/scrcpy/app/src/frame_buffer.c",
          "C:/msys64/home/DELL/scrcpy/app/src/input_manager.c",
          "C:/msys64/home/DELL/scrcpy/app/src/keyboard_sdk.c",
          "C:/msys64/home/DELL/scrcpy/app/src/mouse_capture.c",
          "C:/msys64/home/DELL/scrcpy/app/src/mouse_sdk.c",
          "C:/msys64/home/DELL/scrcpy/app/src/opengl.c",
          "C:/msys64/home/DELL/scrcpy/app/src/options.c",
          "C:/msys64/home/DELL/scrcpy/app/src/packet_merger.c",
          "C:/msys64/home/DELL/scrcpy/app/src/receiver.c",
          "C:/msys64/home/DELL/scrcpy/app/src/recorder.c",
          "C:/msys64/home/DELL/scrcpy/app/src/scrcpy.c",
          "C:/msys64/home/DELL/scrcpy/app/src/screen.c",
          "C:/msys64/home/DELL/scrcpy/app/src/server.c",
          "C:/msys64/home/DELL/scrcpy/app/src/version.c",
          "C:/msys64/home/DELL/scrcpy/app/src/hid/hid_gamepad.c",
          "C:/msys64/home/DELL/scrcpy/app/src/hid/hid_keyboard.c",
          "C:/msys64/home/DELL/scrcpy/app/src/hid/hid_mouse.c",
          "C:/msys64/home/DELL/scrcpy/app/src/trait/frame_source.c",
          "C:/msys64/home/DELL/scrcpy/app/src/trait/packet_source.c",
          "C:/msys64/home/DELL/scrcpy/app/src/uhid/gamepad_uhid.c",
          "C:/msys64/home/DELL/scrcpy/app/src/uhid/keyboard_uhid.c",
          "C:/msys64/home/DELL/scrcpy/app/src/uhid/mouse_uhid.c",
          "C:/msys64/home/DELL/scrcpy/app/src/uhid/uhid_output.c",
          "C:/msys64/home/DELL/scrcpy/app/src/util/acksync.c",
          "C:/msys64/home/DELL/scrcpy/app/src/util/audiobuf.c",
          "C:/msys64/home/DELL/scrcpy/app/src/util/average.c",
          "C:/msys64/home/DELL/scrcpy/app/src/util/env.c",
          "C:/msys64/home/DELL/scrcpy/app/src/util/file.c",
          "C:/msys64/home/DELL/scrcpy/app/src/util/intmap.c",
          "C:/msys64/home/DELL/scrcpy/app/src/util/intr.c",
          "C:/msys64/home/DELL/scrcpy/app/src/util/log.c",
          "C:/msys64/home/DELL/scrcpy/app/src/util/memory.c",
          "C:/msys64/home/DELL/scrcpy/app/src/util/net.c",
          "C:/msys64/home/DELL/scrcpy/app/src/util/net_intr.c",
          "C:/msys64/home/DELL/scrcpy/app/src/util/process.c",
          "C:/msys64/home/DELL/scrcpy/app/src/util/process_intr.c",
          "C:/msys64/home/DELL/scrcpy/app/src/util/rand.c",
          "C:/msys64/home/DELL/scrcpy/app/src/util/strbuf.c",
          "C:/msys64/home/DELL/scrcpy/app/src/util/str.c",
          "C:/msys64/home/DELL/scrcpy/app/src/util/term.c",
          "C:/msys64/home/DELL/scrcpy/app/src/util/thread.c",
          "C:/msys64/home/DELL/scrcpy/app/src/util/tick.c",
          "C:/msys64/home/DELL/scrcpy/app/src/util/timeout.c",
          "C:/msys64/home/DELL/scrcpy/app/src/sys/win/file.c",
          "C:/msys64/home/DELL/scrcpy/app/src/sys/win/process.c",
          "C:/msys64/home/DELL/scrcpy/app/src/usb/aoa_hid.c",
          "C:/msys64/home/DELL/scrcpy/app/src/usb/gamepad_aoa.c",
          "C:/msys64/home/DELL/scrcpy/app/src/usb/keyboard_aoa.c",
          "C:/msys64/home/DELL/scrcpy/app/src/usb/mouse_aoa.c",
          "C:/msys64/home/DELL/scrcpy/app/src/usb/scrcpy_otg.c",
          "C:/msys64/home/DELL/scrcpy/app/src/usb/screen_otg.c",
          "C:/msys64/home/DELL/scrcpy/app/src/usb/usb.c"
        ],
        "generated_sources": [],
        "unity_sources": []
      },
      {
        "linker": [
          "cc"
        ],
        "parameters": [
          "-Wl,--allow-shlib-undefined",
          "-Wl,--start-group",
          "-Wl,--start-group",
          "C:/msys64/mingw64/lib/libavformat.dll.a",
          "C:/msys64/mingw64/lib/libavcodec.dll.a",
          "C:/msys64/mingw64/lib/libavutil.dll.a",
          "C:/msys64/mingw64/lib/libswresample.dll.a",
          "C:/msys64/mingw64/lib/libmingw32.a",
          "-mwindows",
          "C:/msys64/mingw64/lib/libSDL2main.a",
          "C:/msys64/mingw64/lib/libSDL2.dll.a",
          "C:/msys64/mingw64/lib/libusb-1.0.dll.a",
          "-lmingw32",
          "-lws2_32",
          "-Wl,--subsystem,console",
          "-lkernel32",
          "-luser32",
          "-lgdi32",
          "-lwinspool",
          "-lshell32",
          "-lole32",
          "-loleaut32",
          "-luuid",
          "-lcomdlg32",
          "-ladvapi32",
          "-Wl,--end-group",
          "-Wl,--end-group"
        ]
      }
    ],
    "extra_files": [],
    "subproject": null,
    "dependencies": [
      "libavformat",
      "libavcodec",
      "libavutil",
      "libswresample",
      "sdl2",
      "libusb-1.0",
      "mingw32",
      "ws2_32"
    ],
    "depends": [],
    "win_subsystem": "console",
    "installed": true,
    "install_filename": [
      "C:/msys64/mingw64/bin/scrcpy.exe"
    ]
  },
  {
    "name": "test_adb_parser",
    "id": "a172ced@@test_adb_parser@exe",
    "type": "executable",
    "defined_in": "C:/msys64/home/DELL/scrcpy/app/meson.build",
    "filename": [
      "C:/msys64/home/DELL/scrcpy/build/app/test_adb_parser.exe"
    ],
    "build_by_default": true,
    "target_sources": [
      {
        "language": "c",
        "machine": "host",
        "compiler": [
          "cc"
        ],
        "parameters": [
          "-IC:/msys64/home/DELL/scrcpy/build/app/test_adb_parser.exe.p",
          "-IC:/msys64/home/DELL/scrcpy/build/app",
          "-IC:/msys64/home/DELL/scrcpy/app",
          "-IC:/msys64/home/DELL/scrcpy/app/src",
          "-IC:/msys64/mingw64/include/SDL2",
          "-IC:/msys64/mingw64/include/libusb-1.0",
          "-fdiagnostics-color=always",
          "-D_FILE_OFFSET_BITS=64",
          "-Wall",
          "-Winvalid-pch",
          "-Wextra",
          "-std=c11",
          "-O0",
          "-g",
          "-Wmissing-prototypes",
          "-Dmain=SDL_main",
          "-DSDL_MAIN_HANDLED",
          "-DSC_TEST"
        ],
        "sources": [
          "C:/msys64/home/DELL/scrcpy/app/tests/test_adb_parser.c",
          "C:/msys64/home/DELL/scrcpy/app/src/adb/adb_device.c",
          "C:/msys64/home/DELL/scrcpy/app/src/adb/adb_parser.c",
          "C:/msys64/home/DELL/scrcpy/app/src/util/str.c",
          "C:/msys64/home/DELL/scrcpy/app/src/util/strbuf.c",
          "C:/msys64/home/DELL/scrcpy/app/src/compat.c"
        ],
        "generated_sources": [],
        "unity_sources": []
      },
      {
        "linker": [
          "cc"
        ],
        "parameters": [
          "-Wl,--allow-shlib-undefined",
          "-Wl,--start-group",
          "-Wl,--start-group",
          "C:/msys64/mingw64/lib/libavformat.dll.a",
          "C:/msys64/mingw64/lib/libavcodec.dll.a",
          "C:/msys64/mingw64/lib/libavutil.dll.a",
          "C:/msys64/mingw64/lib/libswresample.dll.a",
          "C:/msys64/mingw64/lib/libmingw32.a",
          "-mwindows",
          "C:/msys64/mingw64/lib/libSDL2main.a",
          "C:/msys64/mingw64/lib/libSDL2.dll.a",
          "C:/msys64/mingw64/lib/libusb-1.0.dll.a",
          "-lmingw32",
          "-lws2_32",
          "-Wl,--subsystem,console",
          "-lkernel32",
          "-luser32",
          "-lgdi32",
          "-lwinspool",
          "-lshell32",
          "-lole32",
          "-loleaut32",
          "-luuid",
          "-lcomdlg32",
          "-ladvapi32",
          "-Wl,--end-group",
          "-Wl,--end-group"
        ]
      }
    ],
    "extra_files": [],
    "subproject": null,
    "dependencies": [
      "libavformat",
      "libavcodec",
      "libavutil",
      "libswresample",
      "sdl2",
      "libusb-1.0",
      "mingw32",
      "ws2_32"
    ],
    "depends": [],
    "win_subsystem": "console",
    "installed": false
  },
  {
    "name": "test_binary",
    "id": "a172ced@@test_binary@exe",
    "type": "executable",
    "defined_in": "C:/msys64/home/DELL/scrcpy/app/meson.build",
    "filename": [
      "C:/msys64/home/DELL/scrcpy/build/app/test_binary.exe"
    ],
    "build_by_default": true,
    "target_sources": [
      {
        "language": "c",
        "machine": "host",
        "compiler": [
          "cc"
        ],
        "parameters": [
          "-IC:/msys64/home/DELL/scrcpy/build/app/test_binary.exe.p",
          "-IC:/msys64/home/DELL/scrcpy/build/app",
          "-IC:/msys64/home/DELL/scrcpy/app",
          "-IC:/msys64/home/DELL/scrcpy/app/src",
          "-IC:/msys64/mingw64/include/SDL2",
          "-IC:/msys64/mingw64/include/libusb-1.0",
          "-fdiagnostics-color=always",
          "-D_FILE_OFFSET_BITS=64",
          "-Wall",
          "-Winvalid-pch",
          "-Wextra",
          "-std=c11",
          "-O0",
          "-g",
          "-Wmissing-prototypes",
          "-Dmain=SDL_main",
          "-DSDL_MAIN_HANDLED",
          "-DSC_TEST"
        ],
        "sources": [
          "C:/msys64/home/DELL/scrcpy/app/tests/test_binary.c",
          "C:/msys64/home/DELL/scrcpy/app/src/compat.c"
        ],
        "generated_sources": [],
        "unity_sources": []
      },
      {
        "linker": [
          "cc"
        ],
        "parameters": [
          "-Wl,--allow-shlib-undefined",
          "-Wl,--start-group",
          "-Wl,--start-group",
          "C:/msys64/mingw64/lib/libavformat.dll.a",
          "C:/msys64/mingw64/lib/libavcodec.dll.a",
          "C:/msys64/mingw64/lib/libavutil.dll.a",
          "C:/msys64/mingw64/lib/libswresample.dll.a",
          "C:/msys64/mingw64/lib/libmingw32.a",
          "-mwindows",
          "C:/msys64/mingw64/lib/libSDL2main.a",
          "C:/msys64/mingw64/lib/libSDL2.dll.a",
          "C:/msys64/mingw64/lib/libusb-1.0.dll.a",
          "-lmingw32",
          "-lws2_32",
          "-Wl,--subsystem,console",
          "-lkernel32",
          "-luser32",
          "-lgdi32",
          "-lwinspool",
          "-lshell32",
          "-lole32",
          "-loleaut32",
          "-luuid",
          "-lcomdlg32",
          "-ladvapi32",
          "-Wl,--end-group",
          "-Wl,--end-group"
        ]
      }
    ],
    "extra_files": [],
    "subproject": null,
    "dependencies": [
      "libavformat",
      "libavcodec",
      "libavutil",
      "libswresample",
      "sdl2",
      "libusb-1.0",
      "mingw32",
      "ws2_32"
    ],
    "depends": [],
    "win_subsystem": "console",
    "installed": false
  },
  {
    "name": "test_audiobuf",
    "id": "a172ced@@test_audiobuf@exe",
    "type": "executable",
    "defined_in": "C:/msys64/home/DELL/scrcpy/app/meson.build",
    "filename": [
      "C:/msys64/home/DELL/scrcpy/build/app/test_audiobuf.exe"
    ],
    "build_by_default": true,
    "target_sources": [
      {
        "language": "c",
        "machine": "host",
        "compiler": [
          "cc"
        ],
        "parameters": [
          "-IC:/msys64/home/DELL/scrcpy/build/app/test_audiobuf.exe.p",
          "-IC:/msys64/home/DELL/scrcpy/build/app",
          "-IC:/msys64/home/DELL/scrcpy/app",
          "-IC:/msys64/home/DELL/scrcpy/app/src",
          "-IC:/msys64/mingw64/include/SDL2",
          "-IC:/msys64/mingw64/include/libusb-1.0",
          "-fdiagnostics-color=always",
          "-D_FILE_OFFSET_BITS=64",
          "-Wall",
          "-Winvalid-pch",
          "-Wextra",
          "-std=c11",
          "-O0",
          "-g",
          "-Wmissing-prototypes",
          "-Dmain=SDL_main",
          "-DSDL_MAIN_HANDLED",
          "-DSC_TEST"
        ],
        "sources": [
          "C:/msys64/home/DELL/scrcpy/app/tests/test_audiobuf.c",
          "C:/msys64/home/DELL/scrcpy/app/src/util/audiobuf.c",
          "C:/msys64/home/DELL/scrcpy/app/src/util/memory.c",
          "C:/msys64/home/DELL/scrcpy/app/src/compat.c"
        ],
        "generated_sources": [],
        "unity_sources": []
      },
      {
        "linker": [
          "cc"
        ],
        "parameters": [
          "-Wl,--allow-shlib-undefined",
          "-Wl,--start-group",
          "-Wl,--start-group",
          "C:/msys64/mingw64/lib/libavformat.dll.a",
          "C:/msys64/mingw64/lib/libavcodec.dll.a",
          "C:/msys64/mingw64/lib/libavutil.dll.a",
          "C:/msys64/mingw64/lib/libswresample.dll.a",
          "C:/msys64/mingw64/lib/libmingw32.a",
          "-mwindows",
          "C:/msys64/mingw64/lib/libSDL2main.a",
          "C:/msys64/mingw64/lib/libSDL2.dll.a",
          "C:/msys64/mingw64/lib/libusb-1.0.dll.a",
          "-lmingw32",
          "-lws2_32",
          "-Wl,--subsystem,console",
          "-lkernel32",
          "-luser32",
          "-lgdi32",
          "-lwinspool",
          "-lshell32",
          "-lole32",
          "-loleaut32",
          "-luuid",
          "-lcomdlg32",
          "-ladvapi32",
          "-Wl,--end-group",
          "-Wl,--end-group"
        ]
      }
    ],
    "extra_files": [],
    "subproject": null,
    "dependencies": [
      "libavformat",
      "libavcodec",
      "libavutil",
      "libswresample",
      "sdl2",
      "libusb-1.0",
      "mingw32",
      "ws2_32"
    ],
    "depends": [],
    "win_subsystem": "console",
    "installed": false
  },
  {
    "name": "test_cli",
    "id": "a172ced@@test_cli@exe",
    "type": "executable",
    "defined_in": "C:/msys64/home/DELL/scrcpy/app/meson.build",
    "filename": [
      "C:/msys64/home/DELL/scrcpy/build/app/test_cli.exe"
    ],
    "build_by_default": true,
    "target_sources": [
      {
        "language": "c",
        "machine": "host",
        "compiler": [
          "cc"
        ],
        "parameters": [
          "-IC:/msys64/home/DELL/scrcpy/build/app/test_cli.exe.p",
          "-IC:/msys64/home/DELL/scrcpy/build/app",
          "-IC:/msys64/home/DELL/scrcpy/app",
          "-IC:/msys64/home/DELL/scrcpy/app/src",
          "-IC:/msys64/mingw64/include/SDL2",
          "-IC:/msys64/mingw64/include/libusb-1.0",
          "-fdiagnostics-color=always",
          "-D_FILE_OFFSET_BITS=64",
          "-Wall",
          "-Winvalid-pch",
          "-Wextra",
          "-std=c11",
          "-O0",
          "-g",
          "-Wmissing-prototypes",
          "-Dmain=SDL_main",
          "-DSDL_MAIN_HANDLED",
          "-DSC_TEST"
        ],
        "sources": [
          "C:/msys64/home/DELL/scrcpy/app/tests/test_cli.c",
          "C:/msys64/home/DELL/scrcpy/app/src/cli.c",
          "C:/msys64/home/DELL/scrcpy/app/src/options.c",
          "C:/msys64/home/DELL/scrcpy/app/src/util/log.c",
          "C:/msys64/home/DELL/scrcpy/app/src/util/net.c",
          "C:/msys64/home/DELL/scrcpy/app/src/util/str.c",
          "C:/msys64/home/DELL/scrcpy/app/src/util/strbuf.c",
          "C:/msys64/home/DELL/scrcpy/app/src/util/term.c",
          "C:/msys64/home/DELL/scrcpy/app/src/compat.c"
        ],
        "generated_sources": [],
        "unity_sources": []
      },
      {
        "linker": [
          "cc"
        ],
        "parameters": [
          "-Wl,--allow-shlib-undefined",
          "-Wl,--start-group",
          "-Wl,--start-group",
          "C:/msys64/mingw64/lib/libavformat.dll.a",
          "C:/msys64/mingw64/lib/libavcodec.dll.a",
          "C:/msys64/mingw64/lib/libavutil.dll.a",
          "C:/msys64/mingw64/lib/libswresample.dll.a",
          "C:/msys64/mingw64/lib/libmingw32.a",
          "-mwindows",
          "C:/msys64/mingw64/lib/libSDL2main.a",
          "C:/msys64/mingw64/lib/libSDL2.dll.a",
          "C:/msys64/mingw64/lib/libusb-1.0.dll.a",
          "-lmingw32",
          "-lws2_32",
          "-Wl,--subsystem,console",
          "-lkernel32",
          "-luser32",
          "-lgdi32",
          "-lwinspool",
          "-lshell32",
          "-lole32",
          "-loleaut32",
          "-luuid",
          "-lcomdlg32",
          "-ladvapi32",
          "-Wl,--end-group",
          "-Wl,--end-group"
        ]
      }
    ],
    "extra_files": [],
    "subproject": null,
    "dependencies": [
      "libavformat",
      "libavcodec",
      "libavutil",
      "libswresample",
      "sdl2",
      "libusb-1.0",
      "mingw32",
      "ws2_32"
    ],
    "depends": [],
    "win_subsystem": "console",
    "installed": false
  },
  {
    "name": "test_control_msg_serialize",
    "id": "a172ced@@test_control_msg_serialize@exe",
    "type": "executable",
    "defined_in": "C:/msys64/home/DELL/scrcpy/app/meson.build",
    "filename": [
      "C:/msys64/home/DELL/scrcpy/build/app/test_control_msg_serialize.exe"
    ],
    "build_by_default": true,
    "target_sources": [
      {
        "language": "c",
        "machine": "host",
        "compiler": [
          "cc"
        ],
        "parameters": [
          "-IC:/msys64/home/DELL/scrcpy/build/app/test_control_msg_serialize.exe.p",
          "-IC:/msys64/home/DELL/scrcpy/build/app",
          "-IC:/msys64/home/DELL/scrcpy/app",
          "-IC:/msys64/home/DELL/scrcpy/app/src",
          "-IC:/msys64/mingw64/include/SDL2",
          "-IC:/msys64/mingw64/include/libusb-1.0",
          "-fdiagnostics-color=always",
          "-D_FILE_OFFSET_BITS=64",
          "-Wall",
          "-Winvalid-pch",
          "-Wextra",
          "-std=c11",
          "-O0",
          "-g",
          "-Wmissing-prototypes",
          "-Dmain=SDL_main",
          "-DSDL_MAIN_HANDLED",
          "-DSC_TEST"
        ],
        "sources": [
          "C:/msys64/home/DELL/scrcpy/app/tests/test_control_msg_serialize.c",
          "C:/msys64/home/DELL/scrcpy/app/src/control_msg.c",
          "C:/msys64/home/DELL/scrcpy/app/src/util/str.c",
          "C:/msys64/home/DELL/scrcpy/app/src/util/strbuf.c",
          "C:/msys64/home/DELL/scrcpy/app/src/compat.c"
        ],
        "generated_sources": [],
        "unity_sources": []
      },
      {
        "linker": [
          "cc"
        ],
        "parameters": [
          "-Wl,--allow-shlib-undefined",
          "-Wl,--start-group",
          "-Wl,--start-group",
          "C:/msys64/mingw64/lib/libavformat.dll.a",
          "C:/msys64/mingw64/lib/libavcodec.dll.a",
          "C:/msys64/mingw64/lib/libavutil.dll.a",
          "C:/msys64/mingw64/lib/libswresample.dll.a",
          "C:/msys64/mingw64/lib/libmingw32.a",
          "-mwindows",
          "C:/msys64/mingw64/lib/libSDL2main.a",
          "C:/msys64/mingw64/lib/libSDL2.dll.a",
          "C:/msys64/mingw64/lib/libusb-1.0.dll.a",
          "-lmingw32",
          "-lws2_32",
          "-Wl,--subsystem,console",
          "-lkernel32",
          "-luser32",
          "-lgdi32",
          "-lwinspool",
          "-lshell32",
          "-lole32",
          "-loleaut32",
          "-luuid",
          "-lcomdlg32",
          "-ladvapi32",
          "-Wl,--end-group",
          "-Wl,--end-group"
        ]
      }
    ],
    "extra_files": [],
    "subproject": null,
    "dependencies": [
      "libavformat",
      "libavcodec",
      "libavutil",
      "libswresample",
      "sdl2",
      "libusb-1.0",
      "mingw32",
      "ws2_32"
    ],
    "depends": [],
    "win_subsystem": "console",
    "installed": false
  },
  {
    "name": "test_device_msg_deserialize",
    "id": "a172ced@@test_device_msg_deserialize@exe",
    "type": "executable",
    "defined_in": "C:/msys64/home/DELL/scrcpy/app/meson.build",
    "filename": [
      "C:/msys64/home/DELL/scrcpy/build/app/test_device_msg_deserialize.exe"
    ],
    "build_by_default": true,
    "target_sources": [
      {
        "language": "c",
        "machine": "host",
        "compiler": [
          "cc"
        ],
        "parameters": [
          "-IC:/msys64/home/DELL/scrcpy/build/app/test_device_msg_deserialize.exe.p",
          "-IC:/msys64/home/DELL/scrcpy/build/app",
          "-IC:/msys64/home/DELL/scrcpy/app",
          "-IC:/msys64/home/DELL/scrcpy/app/src",
          "-IC:/msys64/mingw64/include/SDL2",
          "-IC:/msys64/mingw64/include/libusb-1.0",
          "-fdiagnostics-color=always",
          "-D_FILE_OFFSET_BITS=64",
          "-Wall",
          "-Winvalid-pch",
          "-Wextra",
          "-std=c11",
          "-O0",
          "-g",
          "-Wmissing-prototypes",
          "-Dmain=SDL_main",
          "-DSDL_MAIN_HANDLED",
          "-DSC_TEST"
        ],
        "sources": [
          "C:/msys64/home/DELL/scrcpy/app/tests/test_device_msg_deserialize.c",
          "C:/msys64/home/DELL/scrcpy/app/src/device_msg.c",
          "C:/msys64/home/DELL/scrcpy/app/src/compat.c"
        ],
        "generated_sources": [],
        "unity_sources": []
      },
      {
        "linker": [
          "cc"
        ],
        "parameters": [
          "-Wl,--allow-shlib-undefined",
          "-Wl,--start-group",
          "-Wl,--start-group",
          "C:/msys64/mingw64/lib/libavformat.dll.a",
          "C:/msys64/mingw64/lib/libavcodec.dll.a",
          "C:/msys64/mingw64/lib/libavutil.dll.a",
          "C:/msys64/mingw64/lib/libswresample.dll.a",
          "C:/msys64/mingw64/lib/libmingw32.a",
          "-mwindows",
          "C:/msys64/mingw64/lib/libSDL2main.a",
          "C:/msys64/mingw64/lib/libSDL2.dll.a",
          "C:/msys64/mingw64/lib/libusb-1.0.dll.a",
          "-lmingw32",
          "-lws2_32",
          "-Wl,--subsystem,console",
          "-lkernel32",
          "-luser32",
          "-lgdi32",
          "-lwinspool",
          "-lshell32",
          "-lole32",
          "-loleaut32",
          "-luuid",
          "-lcomdlg32",
          "-ladvapi32",
          "-Wl,--end-group",
          "-Wl,--end-group"
        ]
      }
    ],
    "extra_files": [],
    "subproject": null,
    "dependencies": [
      "libavformat",
      "libavcodec",
      "libavutil",
      "libswresample",
      "sdl2",
      "libusb-1.0",
      "mingw32",
      "ws2_32"
    ],
    "depends": [],
    "win_subsystem": "console",
    "installed": false
  },
  {
    "name": "test_orientation",
    "id": "a172ced@@test_orientation@exe",
    "type": "executable",
    "defined_in": "C:/msys64/home/DELL/scrcpy/app/meson.build",
    "filename": [
      "C:/msys64/home/DELL/scrcpy/build/app/test_orientation.exe"
    ],
    "build_by_default": true,
    "target_sources": [
      {
        "language": "c",
        "machine": "host",
        "compiler": [
          "cc"
        ],
        "parameters": [
          "-IC:/msys64/home/DELL/scrcpy/build/app/test_orientation.exe.p",
          "-IC:/msys64/home/DELL/scrcpy/build/app",
          "-IC:/msys64/home/DELL/scrcpy/app",
          "-IC:/msys64/home/DELL/scrcpy/app/src",
          "-IC:/msys64/mingw64/include/SDL2",
          "-IC:/msys64/mingw64/include/libusb-1.0",
          "-fdiagnostics-color=always",
          "-D_FILE_OFFSET_BITS=64",
          "-Wall",
          "-Winvalid-pch",
          "-Wextra",
          "-std=c11",
          "-O0",
          "-g",
          "-Wmissing-prototypes",
          "-Dmain=SDL_main",
          "-DSDL_MAIN_HANDLED",
          "-DSC_TEST"
        ],
        "sources": [
          "C:/msys64/home/DELL/scrcpy/app/tests/test_orientation.c",
          "C:/msys64/home/DELL/scrcpy/app/src/options.c",
          "C:/msys64/home/DELL/scrcpy/app/src/compat.c"
        ],
        "generated_sources": [],
        "unity_sources": []
      },
      {
        "linker": [
          "cc"
        ],
        "parameters": [
          "-Wl,--allow-shlib-undefined",
          "-Wl,--start-group",
          "-Wl,--start-group",
          "C:/msys64/mingw64/lib/libavformat.dll.a",
          "C:/msys64/mingw64/lib/libavcodec.dll.a",
          "C:/msys64/mingw64/lib/libavutil.dll.a",
          "C:/msys64/mingw64/lib/libswresample.dll.a",
          "C:/msys64/mingw64/lib/libmingw32.a",
          "-mwindows",
          "C:/msys64/mingw64/lib/libSDL2main.a",
          "C:/msys64/mingw64/lib/libSDL2.dll.a",
          "C:/msys64/mingw64/lib/libusb-1.0.dll.a",
          "-lmingw32",
          "-lws2_32",
          "-Wl,--subsystem,console",
          "-lkernel32",
          "-luser32",
          "-lgdi32",
          "-lwinspool",
          "-lshell32",
          "-lole32",
          "-loleaut32",
          "-luuid",
          "-lcomdlg32",
          "-ladvapi32",
          "-Wl,--end-group",
          "-Wl,--end-group"
        ]
      }
    ],
    "extra_files": [],
    "subproject": null,
    "dependencies": [
      "libavformat",
      "libavcodec",
      "libavutil",
      "libswresample",
      "sdl2",
      "libusb-1.0",
      "mingw32",
      "ws2_32"
    ],
    "depends": [],
    "win_subsystem": "console",
    "installed": false
  },
  {
    "name": "test_strbuf",
    "id": "a172ced@@test_strbuf@exe",
    "type": "executable",
    "defined_in": "C:/msys64/home/DELL/scrcpy/app/meson.build",
    "filename": [
      "C:/msys64/home/DELL/scrcpy/build/app/test_strbuf.exe"
    ],
    "build_by_default": true,
    "target_sources": [
      {
        "language": "c",
        "machine": "host",
        "compiler": [
          "cc"
        ],
        "parameters": [
          "-IC:/msys64/home/DELL/scrcpy/build/app/test_strbuf.exe.p",
          "-IC:/msys64/home/DELL/scrcpy/build/app",
          "-IC:/msys64/home/DELL/scrcpy/app",
          "-IC:/msys64/home/DELL/scrcpy/app/src",
          "-IC:/msys64/mingw64/include/SDL2",
          "-IC:/msys64/mingw64/include/libusb-1.0",
          "-fdiagnostics-color=always",
          "-D_FILE_OFFSET_BITS=64",
          "-Wall",
          "-Winvalid-pch",
          "-Wextra",
          "-std=c11",
          "-O0",
          "-g",
          "-Wmissing-prototypes",
          "-Dmain=SDL_main",
          "-DSDL_MAIN_HANDLED",
          "-DSC_TEST"
        ],
        "sources": [
          "C:/msys64/home/DELL/scrcpy/app/tests/test_strbuf.c",
          "C:/msys64/home/DELL/scrcpy/app/src/util/strbuf.c",
          "C:/msys64/home/DELL/scrcpy/app/src/compat.c"
        ],
        "generated_sources": [],
        "unity_sources": []
      },
      {
        "linker": [
          "cc"
        ],
        "parameters": [
          "-Wl,--allow-shlib-undefined",
          "-Wl,--start-group",
          "-Wl,--start-group",
          "C:/msys64/mingw64/lib/libavformat.dll.a",
          "C:/msys64/mingw64/lib/libavcodec.dll.a",
          "C:/msys64/mingw64/lib/libavutil.dll.a",
          "C:/msys64/mingw64/lib/libswresample.dll.a",
          "C:/msys64/mingw64/lib/libmingw32.a",
          "-mwindows",
          "C:/msys64/mingw64/lib/libSDL2main.a",
          "C:/msys64/mingw64/lib/libSDL2.dll.a",
          "C:/msys64/mingw64/lib/libusb-1.0.dll.a",
          "-lmingw32",
          "-lws2_32",
          "-Wl,--subsystem,console",
          "-lkernel32",
          "-luser32",
          "-lgdi32",
          "-lwinspool",
          "-lshell32",
          "-lole32",
          "-loleaut32",
          "-luuid",
          "-lcomdlg32",
          "-ladvapi32",
          "-Wl,--end-group",
          "-Wl,--end-group"
        ]
      }
    ],
    "extra_files": [],
    "subproject": null,
    "dependencies": [
      "libavformat",
      "libavcodec",
      "libavutil",
      "libswresample",
      "sdl2",
      "libusb-1.0",
      "mingw32",
      "ws2_32"
    ],
    "depends": [],
    "win_subsystem": "console",
    "installed": false
  },
  {
    "name": "test_str",
    "id": "a172ced@@test_str@exe",
    "type": "executable",
    "defined_in": "C:/msys64/home/DELL/scrcpy/app/meson.build",
    "filename": [
      "C:/msys64/home/DELL/scrcpy/build/app/test_str.exe"
    ],
    "build_by_default": true,
    "target_sources": [
      {
        "language": "c",
        "machine": "host",
        "compiler": [
          "cc"
        ],
        "parameters": [
          "-IC:/msys64/home/DELL/scrcpy/build/app/test_str.exe.p",
          "-IC:/msys64/home/DELL/scrcpy/build/app",
          "-IC:/msys64/home/DELL/scrcpy/app",
          "-IC:/msys64/home/DELL/scrcpy/app/src",
          "-IC:/msys64/mingw64/include/SDL2",
          "-IC:/msys64/mingw64/include/libusb-1.0",
          "-fdiagnostics-color=always",
          "-D_FILE_OFFSET_BITS=64",
          "-Wall",
          "-Winvalid-pch",
          "-Wextra",
          "-std=c11",
          "-O0",
          "-g",
          "-Wmissing-prototypes",
          "-Dmain=SDL_main",
          "-DSDL_MAIN_HANDLED",
          "-DSC_TEST"
        ],
        "sources": [
          "C:/msys64/home/DELL/scrcpy/app/tests/test_str.c",
          "C:/msys64/home/DELL/scrcpy/app/src/util/str.c",
          "C:/msys64/home/DELL/scrcpy/app/src/util/strbuf.c",
          "C:/msys64/home/DELL/scrcpy/app/src/compat.c"
        ],
        "generated_sources": [],
        "unity_sources": []
      },
      {
        "linker": [
          "cc"
        ],
        "parameters": [
          "-Wl,--allow-shlib-undefined",
          "-Wl,--start-group",
          "-Wl,--start-group",
          "C:/msys64/mingw64/lib/libavformat.dll.a",
          "C:/msys64/mingw64/lib/libavcodec.dll.a",
          "C:/msys64/mingw64/lib/libavutil.dll.a",
          "C:/msys64/mingw64/lib/libswresample.dll.a",
          "C:/msys64/mingw64/lib/libmingw32.a",
          "-mwindows",
          "C:/msys64/mingw64/lib/libSDL2main.a",
          "C:/msys64/mingw64/lib/libSDL2.dll.a",
          "C:/msys64/mingw64/lib/libusb-1.0.dll.a",
          "-lmingw32",
          "-lws2_32",
          "-Wl,--subsystem,console",
          "-lkernel32",
          "-luser32",
          "-lgdi32",
          "-lwinspool",
          "-lshell32",
          "-lole32",
          "-loleaut32",
          "-luuid",
          "-lcomdlg32",
          "-ladvapi32",
          "-Wl,--end-group",
          "-Wl,--end-group"
        ]
      }
    ],
    "extra_files": [],
    "subproject": null,
    "dependencies": [
      "libavformat",
      "libavcodec",
      "libavutil",
      "libswresample",
      "sdl2",
      "libusb-1.0",
      "mingw32",
      "ws2_32"
    ],
    "depends": [],
    "win_subsystem": "console",
    "installed": false
  },
  {
    "name": "test_vecdeque",
    "id": "a172ced@@test_vecdeque@exe",
    "type": "executable",
    "defined_in": "C:/msys64/home/DELL/scrcpy/app/meson.build",
    "filename": [
      "C:/msys64/home/DELL/scrcpy/build/app/test_vecdeque.exe"
    ],
    "build_by_default": true,
    "target_sources": [
      {
        "language": "c",
        "machine": "host",
        "compiler": [
          "cc"
        ],
        "parameters": [
          "-IC:/msys64/home/DELL/scrcpy/build/app/test_vecdeque.exe.p",
          "-IC:/msys64/home/DELL/scrcpy/build/app",
          "-IC:/msys64/home/DELL/scrcpy/app",
          "-IC:/msys64/home/DELL/scrcpy/app/src",
          "-IC:/msys64/mingw64/include/SDL2",
          "-IC:/msys64/mingw64/include/libusb-1.0",
          "-fdiagnostics-color=always",
          "-D_FILE_OFFSET_BITS=64",
          "-Wall",
          "-Winvalid-pch",
          "-Wextra",
          "-std=c11",
          "-O0",
          "-g",
          "-Wmissing-prototypes",
          "-Dmain=SDL_main",
          "-DSDL_MAIN_HANDLED",
          "-DSC_TEST"
        ],
        "sources": [
          "C:/msys64/home/DELL/scrcpy/app/tests/test_vecdeque.c",
          "C:/msys64/home/DELL/scrcpy/app/src/util/memory.c",
          "C:/msys64/home/DELL/scrcpy/app/src/compat.c"
        ],
        "generated_sources": [],
        "unity_sources": []
      },
      {
        "linker": [
          "cc"
        ],
        "parameters": [
          "-Wl,--allow-shlib-undefined",
          "-Wl,--start-group",
          "-Wl,--start-group",
          "C:/msys64/mingw64/lib/libavformat.dll.a",
          "C:/msys64/mingw64/lib/libavcodec.dll.a",
          "C:/msys64/mingw64/lib/libavutil.dll.a",
          "C:/msys64/mingw64/lib/libswresample.dll.a",
          "C:/msys64/mingw64/lib/libmingw32.a",
          "-mwindows",
          "C:/msys64/mingw64/lib/libSDL2main.a",
          "C:/msys64/mingw64/lib/libSDL2.dll.a",
          "C:/msys64/mingw64/lib/libusb-1.0.dll.a",
          "-lmingw32",
          "-lws2_32",
          "-Wl,--subsystem,console",
          "-lkernel32",
          "-luser32",
          "-lgdi32",
          "-lwinspool",
          "-lshell32",
          "-lole32",
          "-loleaut32",
          "-luuid",
          "-lcomdlg32",
          "-ladvapi32",
          "-Wl,--end-group",
          "-Wl,--end-group"
        ]
      }
    ],
    "extra_files": [],
    "subproject": null,
    "dependencies": [
      "libavformat",
      "libavcodec",
      "libavutil",
      "libswresample",
      "sdl2",
      "libusb-1.0",
      "mingw32",
      "ws2_32"
    ],
    "depends": [],
    "win_subsystem": "console",
    "installed": false
  },
  {
    "name": "test_vector",
    "id": "a172ced@@test_vector@exe",
    "type": "executable",
    "defined_in": "C:/msys64/home/DELL/scrcpy/app/meson.build",
    "filename": [
      "C:/msys64/home/DELL/scrcpy/build/app/test_vector.exe"
    ],
    "build_by_default": true,
    "target_sources": [
      {
        "language": "c",
        "machine": "host",
        "compiler": [
          "cc"
        ],
        "parameters": [
          "-IC:/msys64/home/DELL/scrcpy/build/app/test_vector.exe.p",
          "-IC:/msys64/home/DELL/scrcpy/build/app",
          "-IC:/msys64/home/DELL/scrcpy/app",
          "-IC:/msys64/home/DELL/scrcpy/app/src",
          "-IC:/msys64/mingw64/include/SDL2",
          "-IC:/msys64/mingw64/include/libusb-1.0",
          "-fdiagnostics-color=always",
          "-D_FILE_OFFSET_BITS=64",
          "-Wall",
          "-Winvalid-pch",
          "-Wextra",
          "-std=c11",
          "-O0",
          "-g",
          "-Wmissing-prototypes",
          "-Dmain=SDL_main",
          "-DSDL_MAIN_HANDLED",
          "-DSC_TEST"
        ],
        "sources": [
          "C:/msys64/home/DELL/scrcpy/app/tests/test_vector.c",
          "C:/msys64/home/DELL/scrcpy/app/src/compat.c"
        ],
        "generated_sources": [],
        "unity_sources": []
      },
      {
        "linker": [
          "cc"
        ],
        "parameters": [
          "-Wl,--allow-shlib-undefined",
          "-Wl,--start-group",
          "-Wl,--start-group",
          "C:/msys64/mingw64/lib/libavformat.dll.a",
          "C:/msys64/mingw64/lib/libavcodec.dll.a",
          "C:/msys64/mingw64/lib/libavutil.dll.a",
          "C:/msys64/mingw64/lib/libswresample.dll.a",
          "C:/msys64/mingw64/lib/libmingw32.a",
          "-mwindows",
          "C:/msys64/mingw64/lib/libSDL2main.a",
          "C:/msys64/mingw64/lib/libSDL2.dll.a",
          "C:/msys64/mingw64/lib/libusb-1.0.dll.a",
          "-lmingw32",
          "-lws2_32",
          "-Wl,--subsystem,console",
          "-lkernel32",
          "-luser32",
          "-lgdi32",
          "-lwinspool",
          "-lshell32",
          "-lole32",
          "-loleaut32",
          "-luuid",
          "-lcomdlg32",
          "-ladvapi32",
          "-Wl,--end-group",
          "-Wl,--end-group"
        ]
      }
    ],
    "extra_files": [],
    "subproject": null,
    "dependencies": [
      "libavformat",
      "libavcodec",
      "libavutil",
      "libswresample",
      "sdl2",
      "libusb-1.0",
      "mingw32",
      "ws2_32"
    ],
    "depends": [],
    "win_subsystem": "console",
    "installed": false
  },
  {
    "name": "scrcpy-server",
    "id": "b3eacd3@@scrcpy-server@cus",
    "type": "custom",
    "defined_in": "C:/msys64/home/DELL/scrcpy/server/meson.build",
    "filename": [
      "C:/msys64/home/DELL/scrcpy/build/server/scrcpy-server"
    ],
    "build_by_default": true,
    "target_sources": [
      {
        "language": "unknown",
        "compiler": [
          "bash",
          "C:/msys64/home/DELL/scrcpy/server/./scripts/build-wrapper.sh",
          "C:/msys64/home/DELL/scrcpy/server",
          "@OUTPUT@",
          "debug"
        ],
        "parameters": [],
        "sources": [],
        "generated_sources": []
      }
    ],
    "extra_files": [],
    "subproject": null,
    "dependencies": [],
    "depends": [],
    "installed": true,
    "install_filename": [
      "C:/msys64/mingw64/share/scrcpy/scrcpy-server"
    ]
  }
]