{
  "host": {
    "c": {
      "id": "gcc",
      "exelist": [
        "cc"
      ],
      "linker_exelist": [
        "cc"
      ],
      "file_suffixes": [
        "c"
      ],
      "default_suffix": "c",
      "version": "15.2.0",
      "full_version": "cc (Rev8, Built by MSYS2 project) 15.2.0",
      "linker_id": "ld.bfd"
    }
  },
  "build": {
    "c": {
      "id": "gcc",
      "exelist": [
        "cc"
      ],
      "linker_exelist": [
        "cc"
      ],
      "file_suffixes": [
        "c"
      ],
      "default_suffix": "c",
      "version": "15.2.0",
      "full_version": "cc (Rev8, Built by MSYS2 project) 15.2.0",
      "linker_id": "ld.bfd"
    }
  }
}