{
  "targets": {
    "C:/msys64/home/DELL/scrcpy/build/app/scrcpy.exe": {
      "destination": "{bindir}/scrcpy.exe",
      "tag": "runtime",
      "subproject": null,
      "install_rpath": null,
      "build_rpaths": []
    },
    "C:/msys64/home/DELL/scrcpy/build/server/scrcpy-server": {
      "destination": "{prefix}/share/scrcpy/scrcpy-server",
      "tag": null,
      "subproject": null,
      "install_rpath": null,
      "build_rpaths": []
    }
  },
  "data": {
    "C:/msys64/home/DELL/scrcpy/app/data/icon.png": {
      "destination": "{datadir}/icons/hicolor/256x256/apps/scrcpy.png",
      "tag": null,
      "subproject": null
    },
    "C:/msys64/home/DELL/scrcpy/app/data/zsh-completion/_scrcpy": {
      "destination": "{datadir}/zsh/site-functions/_scrcpy",
      "tag": null,
      "subproject": null
    },
    "C:/msys64/home/DELL/scrcpy/app/data/bash-completion/scrcpy": {
      "destination": "{datadir}/bash-completion/completions/scrcpy",
      "tag": null,
      "subproject": null
    }
  },
  "man": {
    "C:/msys64/home/DELL/scrcpy/app/scrcpy.1": {
      "destination": "{mandir}/man1/scrcpy.1",
      "tag": "man",
      "subproject": null
    }
  }
}